{
  "cols": [
    "mid",
    "spread",
    "imbalance",
    "mom1",
    "mom3",
    "vol3"
  ],
  "mean": [
    122257.31200000012,
    0.10000000000000007,
    -0.021342731500000007,
    0.6299999999999994,
    2.0129999999999995,
    15.425633919000001
  ],
  "std": [
    64.57860060422426,
    1.0,
    0.25343469913429983,
    11.054026415745527,
    22.619282283043383,
    9.947236029056794
  ],
  "type": "zscore"
}